1,1,41,7,15.937723865094414
1,1,42,7,16.472255522544568
1,1,43,7,17.306392142789324
1,1,44,7,17.15851153218134
1,1,45,7,17.961032403511776
1,1,46,7,16.85132816723952
2,1,41,7,15.56918655550122
2,1,42,7,16.07905202429546
2,1,43,7,16.83811215665224
2,1,44,7,16.828702920902725
2,1,45,7,17.719102375684834
2,1,46,7,16.573849673506757
3,1,41,7,15.08247824463871
3,1,42,7,15.70159832628513
3,1,43,7,16.435719546159213
3,1,44,7,16.280111977501875
3,1,45,7,17.260235137448156
3,1,46,7,15.939462381146987
4,1,41,7,14.323128080136684
4,1,42,7,15.02850604684311
4,1,43,7,15.802092614587474
4,1,44,7,15.45773715651809
4,1,45,7,16.43325947583132
4,1,46,7,15.034583432872358
5,1,41,7,14.797885592205391
5,1,42,7,15.184466734133268
5,1,43,7,15.915873177428875
5,1,44,7,16.13112599913595
5,1,45,7,16.98528672115958
5,1,46,7,16.0053599459681
6,1,41,7,15.693582287036952
6,1,42,7,15.982667142876997
6,1,43,7,16.644859927316897
6,1,44,7,17.078897768884264
6,1,45,7,17.948876009377297
6,1,46,7,17.044927280572363
7,1,41,7,13.317267662700184
7,1,42,7,13.703847999740802
7,1,43,7,14.41425395225157
7,1,44,7,14.661817827268214
7,1,45,7,15.548480986900296
7,1,46,7,14.56684403019405
8,1,41,7,16.145323719269303
8,1,42,7,16.324933139219894
8,1,43,7,17.001140520565084
8,1,44,7,17.56771100627512
8,1,45,7,18.341333239434913
8,1,46,7,17.615463519305983
1,1,52,9,19.904894548828942
1,1,53,9,19.92233703660291
1,1,54,9,19.60965690673858
1,1,55,9,21.2034354527751
1,1,56,9,22.50685313410118
1,1,57,9,21.270378205382244
2,1,52,9,19.7035573691656
2,1,53,9,19.75549546328818
2,1,54,9,19.38868345195207
2,1,55,9,20.94218682468476
2,1,56,9,22.290122431247436
2,1,57,9,20.90556971239961
3,1,52,9,19.708109320784683
3,1,53,9,19.8785305543443
3,1,54,9,19.55311929079348
3,1,55,9,20.91104370900697
3,1,56,9,22.252825303767615
3,1,57,9,20.81807303762767
4,1,52,9,19.163881887550865
4,1,53,9,19.39975017880385
4,1,54,9,19.14381837565327
4,1,55,9,20.381432064504203
4,1,56,9,21.68771693839626
4,1,57,9,20.321860175682737
5,1,52,9,18.583908550140897
5,1,53,9,18.571976604551274
5,1,54,9,18.147949030124586
5,1,55,9,19.806927803170282
5,1,56,9,21.1795253487891
5,1,57,9,19.75526818344919
6,1,52,9,19.244122323452427
6,1,53,9,19.168184734084758
6,1,54,9,18.658656194913927
6,1,55,9,20.423317458238756
6,1,56,9,21.83168021477046
6,1,57,9,20.31163070755275
7,1,52,9,17.25970367648298
7,1,53,9,17.309820247478022
7,1,54,9,16.895119650360574
7,1,55,9,18.454547054858867
7,1,56,9,19.835946511321314
7,1,57,9,18.361518809728135
8,1,52,9,19.162332765088912
8,1,53,9,18.96776135973879
8,1,54,9,18.41989299643187
8,1,55,9,20.3623969365102
8,1,56,9,21.763742371200777
8,1,57,9,20.307521980783378
1,1,78,13,25.512236769832633
1,1,79,13,26.957853679401115
1,1,80,13,27.802529273431222
1,1,81,13,25.366023456584596
1,1,82,13,26.636017326169465
1,1,83,13,24.04642649126893
2,1,78,13,25.97126814385466
2,1,79,13,27.398665314208284
2,1,80,13,28.222175890600635
2,1,81,13,25.907712481035446
2,1,82,13,27.210335628213038
2,1,83,13,24.614509237439613
3,1,78,13,26.65456855775385
3,1,79,13,28.04970924983003
3,1,80,13,28.899352241875597
3,1,81,13,26.63527529424091
3,1,82,13,27.974563535469148
3,1,83,13,25.386765863339114
4,1,78,13,26.262184238939454
4,1,79,13,27.637090313562314
4,1,80,13,28.519188172176285
4,1,81,13,26.24252194435588
4,1,82,13,27.597906098108236
4,1,83,13,25.02314090996572
5,1,78,13,24.878440887644064
5,1,79,13,26.302690071549716
5,1,80,13,27.09428253340545
5,1,81,13,24.864618436646072
5,1,82,13,26.1756700200778
5,1,83,13,23.57820478747269
6,1,78,13,25.471386966555237
6,1,79,13,26.903858608013834
6,1,80,13,27.64833740028503
6,1,81,13,25.479486042697168
6,1,82,13,26.771807410034906
6,1,83,13,24.177072527500098
7,1,78,13,24.19366084328703
7,1,79,13,25.582425275958496
7,1,80,13,26.38163402824018
7,1,81,13,24.258148033186707
7,1,82,13,25.61348869248389
7,1,83,13,23.024832920132127
8,1,78,13,24.696287190587977
8,1,79,13,26.150865014373807
8,1,80,13,26.862356300220572
8,1,81,13,24.6713697633512
8,1,82,13,25.924283770241363
8,1,83,13,23.335821926814575
1,1,85,14,28.625208890067512
1,1,86,14,28.977430614186616
1,1,87,14,30.103783433316153
1,1,88,14,28.96733670878288
1,1,89,14,29.66659281076949
1,1,90,14,28.986872097554787
1,1,91,14,29.874568197716265
2,1,85,14,29.0591862583934
2,1,86,14,29.337366531439045
2,1,87,14,30.44699569744115
2,1,88,14,29.444722888830178
2,1,89,14,30.20769718134767
2,1,90,14,29.57301158150789
2,1,91,14,30.44897490885366
3,1,85,14,29.61733110866001
3,1,86,14,29.85377019741393
3,1,87,14,30.940520018254382
3,1,88,14,29.963586934811392
3,1,89,14,30.764374347611884
3,1,90,14,30.19028482807011
3,1,91,14,30.95894625144725
4,1,85,14,29.12862554258267
4,1,86,14,29.36763090547141
4,1,87,14,30.443656695607377
4,1,88,14,29.422006287811165
4,1,89,14,30.223946284362004
4,1,90,14,29.6804470316739
4,1,91,14,30.366778574619993
5,1,85,14,28.002289513537992
5,1,86,14,28.242363162455078
5,1,87,14,29.349058809440546
5,1,88,14,28.446686239349564
5,1,89,14,29.242629789401633
5,1,90,14,28.616663257619678
5,1,91,14,29.542269327186084
6,1,85,14,28.676488261291684
6,1,86,14,28.89363137440498
6,1,87,14,30.00205529626262
6,1,88,14,29.188180261879978
6,1,89,14,29.994784313276867
6,1,90,14,29.349899846507142
6,1,91,14,30.358512249449905
7,1,85,14,27.212727022479758
7,1,86,14,27.3884784717954
7,1,87,14,28.471716860772553
7,1,88,14,27.656294256461766
7,1,89,14,28.511614773632168
7,1,90,14,27.95253573470572
7,1,91,14,28.80501833014518
8,1,85,14,28.007203609071716
8,1,86,14,28.25650716206799
8,1,87,14,29.380795989897887
8,1,88,14,28.56159466836542
8,1,89,14,29.335000954491203
8,1,90,14,28.63902344703813
8,1,91,14,29.748930753894328
1,1,131,20,16.45383335274792
1,1,132,20,15.44986595411106
1,1,133,20,15.599625925002176
1,1,134,20,16.03786435283701
1,1,135,20,15.967470338159394
1,1,136,20,17.19114827462087
1,1,137,20,16.241114062772912
2,1,131,20,16.558085215386466
2,1,132,20,15.488407665089397
2,1,133,20,15.520443131560386
2,1,134,20,16.194125632463145
2,1,135,20,16.01483565323104
2,1,136,20,17.422669743756266
2,1,137,20,16.311589560800012
3,1,131,20,16.49522227798098
3,1,132,20,15.326086258402698
3,1,133,20,15.30441201092025
3,1,134,20,16.27520374680452
3,1,135,20,16.126349400902864
3,1,136,20,17.569769406568778
3,1,137,20,16.55820177434736
4,1,131,20,15.719677668451089
4,1,132,20,14.519743455033908
4,1,133,20,14.52992969700817
4,1,134,20,15.573468560343256
4,1,135,20,15.507452240777656
4,1,136,20,16.875381506798593
4,1,137,20,16.02805658837028
5,1,131,20,15.73839464494393
5,1,132,20,14.714836118693267
5,1,133,20,14.70141561211028
5,1,134,20,15.300593812006115
5,1,135,20,15.012520741034797
5,1,136,20,16.52780363508715
5,1,137,20,15.224459859055754
6,1,131,20,16.752872798418778
6,1,132,20,15.758618118350352
6,1,133,20,15.685322629770798
6,1,134,20,16.26091454992615
6,1,135,20,15.865502135135843
6,1,136,20,17.48027757216687
6,1,137,20,15.984871003545821
7,1,131,20,14.52736727697073
7,1,132,20,13.452486535953124
7,1,133,20,13.36719675175016
7,1,134,20,14.159253122958146
7,1,135,20,13.825479413025795
7,1,136,20,15.447150772877182
7,1,137,20,14.106341056418568
8,1,131,20,16.795100178325814
8,1,132,20,15.912075226066522
8,1,133,20,15.88480195029198
8,1,134,20,16.171378265318015
8,1,135,20,15.74129838990418
8,1,136,20,17.3106490057421
8,1,137,20,15.719981106858874
1,1,161,24,9.754005946276639
1,1,162,24,9.268706166450633
1,1,163,24,9.326861905271246
1,1,164,24,11.256211129860706
1,1,165,24,12.115868685323393
1,1,166,24,12.509389513481464
1,1,167,24,12.87141771523246
1,1,168,24,13.456130573088238
1,1,169,24,13.808591890558574
1,1,170,24,14.06197518131788
1,1,171,24,15.126573835472458
2,1,161,24,8.69973436376077
2,1,162,24,8.066337582819108
2,1,163,24,8.082998762835487
2,1,164,24,10.18753557049005
2,1,165,24,10.958072549495188
2,1,166,24,11.376058104633607
2,1,167,24,11.64350634473997
2,1,168,24,12.272081730497073
2,1,169,24,12.53429016737685
2,1,170,24,12.806107058743496
2,1,171,24,13.841857028592658
3,1,161,24,8.216427325790693
3,1,162,24,7.521067344466474
3,1,163,24,7.323502235952413
3,1,164,24,9.634091602221769
3,1,165,24,10.46859675410224
3,1,166,24,11.065474504059914
3,1,167,24,11.031341713499765
3,1,168,24,12.008077364840718
3,1,169,24,11.985119190062315
3,1,170,24,12.418809846358064
3,1,171,24,13.488153691295187
4,1,161,24,8.103192827521754
4,1,162,24,7.5694865083438785
4,1,163,24,7.316477499452863
4,1,164,24,9.483680878224447
4,1,165,24,10.466298103914296
4,1,166,24,11.152503934094801
4,1,167,24,11.043998641796366
4,1,168,24,12.194325975633095
4,1,169,24,12.100341565426987
4,1,170,24,12.615283984120214
4,1,171,24,13.7510427968209
5,1,161,24,7.770469097808703
5,1,162,24,7.228331066020704
5,1,163,24,7.458820483159521
5,1,164,24,9.287603081527548
5,1,165,24,10.004193320803031
5,1,166,24,10.280615156691743
5,1,167,24,10.804430850350238
5,1,168,24,11.158833182730174
5,1,169,24,11.658816320707691
5,1,170,24,11.803416878175574
5,1,171,24,12.834362079978886
6,1,161,24,8.055661549494245
6,1,162,24,7.344890809263265
6,1,163,24,7.638818102298287
6,1,164,24,9.537025007831323
6,1,165,24,10.036793561690905
6,1,166,24,10.188118030333179
6,1,167,24,10.791257433682137
6,1,168,24,10.90638441464448
6,1,169,24,11.490725869152046
6,1,170,24,11.522528758913992
6,1,171,24,12.44370921389599
7,1,161,24,6.31829533972574
7,1,162,24,5.908656869373951
7,1,163,24,6.196276704602531
7,1,164,24,7.841037495127798
7,1,165,24,8.649995028900305
7,1,166,24,8.975332305825784
7,1,167,24,9.502159649258687
7,1,168,24,9.946379944482313
7,1,169,24,10.435826464636138
7,1,170,24,10.62189935934247
7,1,171,24,11.723468599352325
8,1,161,24,8.804060540455184
8,1,162,24,8.228575453868062
8,1,163,24,8.692384885634093
8,1,164,24,10.277390086982203
8,1,165,24,10.72019048338228
8,1,166,24,10.691198249027096
8,1,167,24,11.578948743301353
8,1,168,24,11.352454624441359
8,1,169,24,12.215116290891384
8,1,170,24,12.089670549688277
8,1,171,24,12.964183198335327
1,1,186,27,11.291057966373213
1,1,187,27,10.74344567631819
1,1,188,27,9.981269859091077
1,1,189,27,10.923550979420567
1,1,190,27,11.966269427018599
1,1,191,27,11.902603664744955
1,1,192,27,13.171709759936254
1,1,193,27,13.022130509252316
1,1,194,27,14.199518653813586
1,1,195,27,14.10113307504046
1,1,196,27,15.227837502416424
2,1,186,27,10.31912273403122
2,1,187,27,9.807350763585443
2,1,188,27,8.969843588379899
2,1,189,27,10.076308252529792
2,1,190,27,11.137293656898878
2,1,191,27,11.032581746807951
2,1,192,27,12.394904275548074
2,1,193,27,12.179077674438238
2,1,194,27,13.43503918862911
2,1,195,27,13.305495105406637
2,1,196,27,14.457396342357086
3,1,186,27,10.681365923888197
3,1,187,27,10.059456496252668
3,1,188,27,9.085144027476945
3,1,189,27,10.658332702632245
3,1,190,27,11.810994284987189
3,1,191,27,11.75600850629158
3,1,192,27,13.074288355394337
3,1,193,27,12.956660873851717
3,1,194,27,14.173307659117542
3,1,195,27,14.086672424671486
3,1,196,27,15.280134194436908
4,1,186,27,11.133740162227603
4,1,187,27,10.364252553850662
4,1,188,27,9.360060576727054
4,1,189,27,11.179809211252218
4,1,190,27,12.420454661565334
4,1,191,27,12.485931843478882
4,1,192,27,13.632549944892919
4,1,193,27,13.735804927269458
4,1,194,27,14.793425972370294
4,1,195,27,14.806997872627658
4,1,196,27,16.03309542789539
5,1,186,27,8.89244207178208
5,1,187,27,8.39376977287321
5,1,188,27,7.63295578396731
5,1,189,27,8.586468540674915
5,1,190,27,9.662138790143723
5,1,191,27,9.622891561272008
5,1,192,27,10.895333221154825
5,1,193,27,10.79809061825284
5,1,194,27,11.953621208654724
5,1,195,27,11.877782200394147
5,1,196,27,13.048226431205126
6,1,186,27,8.341395866400298
6,1,187,27,8.086022136996657
6,1,188,27,7.400893121779291
6,1,189,27,7.9514137736631465
6,1,190,27,8.87032913707265
6,1,191,27,8.647064068225701
6,1,192,27,10.165577652056964
6,1,193,27,9.743459139340606
6,1,194,27,11.12364549057547
6,1,195,27,10.903661265831767
6,1,196,27,12.025778644229241
7,1,186,27,8.030465366340856
7,1,187,27,7.337187812779497
7,1,188,27,6.491304645446861
7,1,189,27,7.910555606276969
7,1,190,27,9.144978731522562
7,1,191,27,9.289270477276457
7,1,192,27,10.327436371142644
7,1,193,27,10.563306063917675
7,1,194,27,11.491697089638238
7,1,195,27,11.563117140287043
7,1,196,27,12.800684473886545
8,1,186,27,8.182390970859313
8,1,187,27,8.05939768220926
8,1,188,27,7.586764395972766
8,1,189,27,7.521883407764308
8,1,190,27,8.29682264484423
8,1,191,27,8.043033382996741
8,1,192,27,9.539917714529825
8,1,193,27,9.053906394479675
8,1,194,27,10.415708329249624
8,1,195,27,10.16957295071922
8,1,196,27,11.232783849073213
1,1,198,28,10.919781682799343
1,1,199,28,10.12454868129933
1,1,200,28,10.709204172112885
1,1,201,28,12.255944108880394
1,1,202,28,13.140601089752325
1,1,203,28,14.037549287535914
1,1,204,28,13.143014152012467
1,1,205,28,14.826026912156879
1,1,206,28,14.039879842790677
1,1,207,28,14.865938820000572
1,1,208,28,15.834008115445691
2,1,198,28,10.19472755889043
2,1,199,28,9.566796224442118
2,1,200,28,10.237784623638063
2,1,201,28,11.577029152593509
2,1,202,28,12.346410531000497
2,1,203,28,13.177225352857858
2,1,204,28,12.32486190592008
2,1,205,28,13.878873369261642
2,1,206,28,13.134808182839974
2,1,207,28,13.904294336642906
2,1,208,28,14.81728602005104
3,1,198,28,10.396856544167571
3,1,199,28,9.934826923505009
3,1,200,28,10.751163564935657
3,1,201,28,11.710016567025
3,1,202,28,12.330969669900254
3,1,203,28,13.198812370815793
3,1,204,28,12.138410316017497
3,1,205,28,13.781054894310524
3,1,206,28,12.831919809599809
3,1,207,28,13.657321589535774
3,1,208,28,14.478808963447236
4,1,198,28,10.43750956885789
4,1,199,28,9.963589313093948
4,1,200,28,10.834059073126745
4,1,201,28,11.649304442755367
4,1,202,28,12.2605178928135
4,1,203,28,13.224154642169003
4,1,204,28,11.961201988094674
4,1,205,28,13.803076541119376
4,1,206,28,12.656751004898533
4,1,207,28,13.581400553698428
4,1,208,28,14.395957036612746
5,1,198,28,8.799561693629974
5,1,199,28,8.133323060102798
5,1,200,28,8.758155285218455
5,1,201,28,10.217119065568335
5,1,202,28,11.044647346112956
5,1,203,28,11.840874207591261
5,1,204,28,11.132839215581978
5,1,205,28,12.604875802640818
5,1,206,28,12.00495855886225
5,1,207,28,12.724058982887495
5,1,208,28,13.694696017071717
6,1,198,28,8.880230346111524
6,1,199,28,8.298549331057808
6,1,200,28,8.836685181673046
6,1,201,28,10.381215583928503
6,1,202,28,11.170984647738084
6,1,203,28,11.811315803076301
6,1,204,28,11.383234426119843
6,1,205,28,12.547760796253648
6,1,206,28,12.21276221826987
6,1,207,28,12.784792919715203
6,1,208,28,13.735677267612251
7,1,198,28,7.5539695524935775
7,1,199,28,6.9787094795527915
7,1,200,28,7.742154351341751
7,1,201,28,8.917714617546359
7,1,202,28,9.689125915169024
7,1,203,28,10.549806917664416
7,1,204,28,9.691378694489241
7,1,205,28,11.288306250275106
7,1,206,28,10.552493259888868
7,1,207,28,11.330132611757023
7,1,208,28,12.297285269521886
8,1,198,28,8.847483823099084
8,1,199,28,8.101357417124612
8,1,200,28,8.435982693201781
8,1,201,28,10.357173842318183
8,1,202,28,11.284907930506122
8,1,203,28,11.87371407774332
8,1,204,28,11.66730307311848
8,1,205,28,12.724840981324677
8,1,206,28,12.596798720309854
8,1,207,28,13.106849545180566
8,1,208,28,14.133664033080734
41,7,52,9,7.067458454069614
41,7,53,9,8.20945680298033
41,7,54,9,8.49404014589053
41,7,55,9,7.808325108497981
41,7,56,9,8.816583238420657
41,7,57,9,7.613624826585562
42,7,52,9,5.790839403747959
42,7,53,9,6.908372673792285
42,7,54,9,7.110747780648667
42,7,55,9,6.4813801770919115
42,7,56,9,7.6017592700637415
42,7,57,9,6.206170075014058
43,7,52,9,5.808977706963594
43,7,53,9,6.98414146477575
43,7,54,9,7.114433568457853
43,7,55,9,6.229688756270249
43,7,56,9,7.3552507095271755
43,7,57,9,5.69370933574941
44,7,52,9,7.342492832819111
44,7,53,9,8.64348361483956
44,7,54,9,9.10109147300476
44,7,55,9,7.938610772673009
44,7,56,9,8.722287314689881
44,7,57,9,7.796849299556841
45,7,52,9,6.371279149433027
45,7,53,9,7.720558658542787
45,7,54,9,8.345264345723267
45,7,55,9,6.986328792720823
45,7,56,9,7.607910291269215
45,7,57,9,7.070533784658696
46,7,52,9,8.645112723383084
46,7,53,9,9.92183874087863
46,7,54,9,10.434198052557754
46,7,55,9,9.310148763580528
46,7,56,9,10.010818797680843
46,7,57,9,9.261009340239328
41,7,78,13,19.160888992946024
41,7,79,13,19.976342232751225
41,7,80,13,20.838009261923272
41,7,81,13,19.847316896749547
41,7,82,13,21.39185108867393
41,7,83,13,19.34827478097208
42,7,78,13,18.31391566541683
42,7,79,13,19.105256370957182
42,7,80,13,19.914196493958773
42,7,81,13,19.08208269555501
42,7,82,13,20.62600826626422
42,7,83,13,18.615147085102496
43,7,78,13,18.82740380402991
43,7,79,13,19.562989802174922
43,7,80,13,20.32679249168446
43,7,81,13,19.671434848531
43,7,82,13,21.208178752547326
43,7,83,13,19.257599486955794
44,7,78,13,19.472924870188347
44,7,79,13,20.20104395817206
44,7,80,13,21.082746073507593
44,7,81,13,20.17858211074306
44,7,82,13,21.71072797029155
44,7,83,13,19.77315779029743
45,7,78,13,18.26353634978725
45,7,79,13,18.934354015915094
45,7,80,13,19.823877042596887
45,7,81,13,18.991330522109294
45,7,82,13,20.511629823102798
45,7,83,13,18.659190711282204
46,7,78,13,20.212748600821218
46,7,79,13,20.960865106192543
46,7,80,13,21.89125444098625
46,7,81,13,20.832909950364595
46,7,82,13,22.356661065552704
46,7,83,13,20.40084963916945
41,7,85,14,20.56475416823649
41,7,86,14,20.189890267160937
41,7,87,14,20.92450986283789
41,7,88,14,20.783891695252844
41,7,89,14,22.04836182123289
41,7,90,14,22.197981304614167
41,7,91,14,22.116926074841412
42,7,85,14,19.73268440937522
42,7,86,14,19.2885387989863
42,7,87,14,20.01158057225865
42,7,88,14,20.041068684079697
42,7,89,14,21.353073666336655
42,7,90,14,21.520067704354464
42,7,91,14,21.508899809148765
43,7,85,14,20.14571589693451
43,7,86,14,19.61523606791414
43,7,87,14,20.291942785253458
43,7,88,14,20.493915121323205
43,7,89,14,21.85068296415469
43,7,90,14,22.072165163390743
43,7,91,14,22.03975802952473
44,7,85,14,20.60377358640887
44,7,86,14,20.197527200130214
44,7,87,14,20.873004120154814
44,7,88,14,20.732895166859834
44,7,89,14,22.003309455625075
44,7,90,14,22.239482862692647
44,7,91,14,21.987420835559586
45,7,85,14,19.2406629043804
45,7,86,14,18.822276642319334
45,7,87,14,19.47453388402403
45,7,88,14,19.33460837462192
45,7,89,14,20.611805258152426
45,7,90,14,20.892565783072218
45,7,91,14,20.573376387943714
46,7,85,14,21.324976178181302
46,7,86,14,20.994693281874827
46,7,87,14,21.681520472512997
46,7,88,14,21.363877574073488
46,7,89,14,22.57700409708959
46,7,90,14,22.792390550356938
46,7,91,14,22.473255171425436
41,7,131,20,5.76625927270011
41,7,132,20,4.598850508551026
41,7,133,20,3.4709539034680414
41,7,134,20,6.773102760183105
41,7,135,20,6.405517699608677
41,7,136,20,8.095314014910112
41,7,137,20,7.697769027452045
42,7,131,20,5.6571294841111746
42,7,132,20,4.764484652089877
42,7,133,20,3.520250701299553
42,7,134,20,6.481443126341535
42,7,135,20,5.82018496269663
42,7,136,20,7.734034458159596
42,7,137,20,6.948889119852176
43,7,131,20,6.6624791932132865
43,7,132,20,5.888653920888881
43,7,133,20,4.645587799191832
43,7,134,20,7.4658684692405295
43,7,135,20,6.702504009696673
43,7,136,20,8.635230975486413
43,7,137,20,7.716277923973446
44,7,131,20,5.993435575694456
44,7,132,20,4.961451602101946
44,7,133,20,3.971118356332382
44,7,134,20,7.23752533674321
44,7,135,20,7.082267786521487
44,7,136,20,8.403183979897141
44,7,137,20,8.455038024751865
45,7,131,20,5.064071583222339
45,7,132,20,4.342521041975502
45,7,133,20,3.4604886938119046
45,7,134,20,6.398956633702089
45,7,135,20,6.343271553386313
45,7,136,20,7.383349781772501
45,7,137,20,7.721257086770261
46,7,131,20,6.366298217959949
46,7,132,20,5.206653147656374
46,7,133,20,4.481206310805168
46,7,134,20,7.699972207742051
46,7,135,20,7.803576872178556
46,7,136,20,8.865477652106518
46,7,137,20,9.25981020323851
41,7,161,24,9.373205534927735
41,7,162,24,10.820846547290095
41,7,163,24,11.167030446810823
41,7,164,24,8.887391799622652
41,7,165,24,9.947891334348194
41,7,166,24,10.302343519801695
41,7,167,24,10.678848158860573
41,7,168,24,11.410174757645034
41,7,169,24,11.722355053486478
41,7,170,24,12.083811981324432
41,7,171,24,13.171453146862724
42,7,161,24,9.564232431303619
42,7,162,24,11.057491397238344
42,7,163,24,11.538112540619458
42,7,164,24,9.016148900722525
42,7,165,24,9.921536675334115
42,7,166,24,10.076532637767816
42,7,167,24,10.7165303153586
42,7,168,24,11.0861970034814
42,7,169,24,11.644006355202665
42,7,170,24,11.842667436012883
42,7,171,24,12.856964260664334
43,7,161,24,9.855984222795811
43,7,162,24,11.331408429670162
43,7,163,24,11.80715494943638
43,7,164,24,9.138746741211293
43,7,165,24,9.896882488945696
43,7,166,24,10.009298626777005
43,7,167,24,10.60058588003512
43,7,168,24,10.913019609622259
43,7,169,24,11.427297011979695
43,7,170,24,11.603113418389047
43,7,171,24,12.535056800828626
44,7,161,24,10.76692946015715
44,7,162,24,12.18019655013826
44,7,163,24,12.442164321371102
44,7,164,24,10.231100087478374
44,7,165,24,11.28267796225701
44,7,166,24,11.69748494335428
44,7,167,24,11.915966347720184
44,7,168,24,12.779176029775941
44,7,169,24,12.948592973755876
44,7,170,24,13.375334463107828
44,7,171,24,14.433870097794285
45,7,161,24,11.923371377257354
45,7,162,24,13.372710832138708
45,7,163,24,13.70843338970577
45,7,164,24,11.449859999144092
45,7,165,24,12.483930350654795
45,7,166,24,12.79246328898387
45,7,167,24,13.191879054933752
45,7,168,24,13.853626637093983
45,7,169,24,14.19602659197284
45,7,170,24,14.531452060960731
45,7,171,24,15.56986143162488
46,7,161,24,11.028215676164477
46,7,162,24,12.370587253643215
46,7,163,24,12.513337204758768
46,7,164,24,10.588737790690633
46,7,165,24,11.755955894779461
46,7,166,24,12.31575003806102
46,7,167,24,12.340617042919687
46,7,168,24,13.468205559761849
46,7,169,24,13.45984847611592
46,7,170,24,14.006945884096217
46,7,171,24,15.11998005951066
41,7,186,27,13.027087318353244
41,7,187,27,11.611814543816998
41,7,188,27,11.331107536335534
41,7,189,27,13.787821655359483
41,7,190,27,15.103307650974998
41,7,191,27,16.301999202551812
41,7,192,27,15.181296189719765
41,7,193,27,17.510701442260956
41,7,194,27,16.452322936290788
41,7,195,27,17.530075356369693
41,7,196,27,18.68971409626161
42,7,186,27,12.582153392802041
42,7,187,27,11.227017279758677
42,7,188,27,11.101828948421062
42,7,189,27,13.321730293021245
42,7,190,27,14.55369801802964
42,7,191,27,15.810748812121453
42,7,192,27,14.501410483121973
42,7,193,27,16.956315077280202
42,7,194,27,15.719816474755673
42,7,195,27,16.86296029764643
42,7,196,27,17.970602243664512
43,7,186,27,12.740698921173827
43,7,187,27,11.43921081193978
43,7,188,27,11.352604502932353
43,7,189,27,13.567424700362258
43,7,190,27,14.74699633823783
43,7,191,27,16.010660105067497
43,7,192,27,14.635019952155853
43,7,193,27,17.11696322365623
43,7,194,27,15.814582732402393
43,7,195,27,16.97470367929879
43,7,196,27,18.05126604978166
44,7,186,27,14.572062860144403
44,7,187,27,13.159454130016181
44,7,188,27,12.860534125766314
44,7,189,27,15.34863466240564
44,7,190,27,16.660835813367825
44,7,191,27,17.86039803587815
44,7,192,27,16.725227950614002
44,7,193,27,19.06626153707118
44,7,194,27,17.98713946129289
44,7,195,27,19.075151532818815
44,7,196,27,20.22676852589162
45,7,186,27,15.3570886238245
45,7,187,27,13.962554565694628
45,7,188,27,13.760947242105097
45,7,189,27,16.03845107857987
45,7,190,27,17.30834264162805
45,7,191,27,18.553793385720343
45,7,192,27,17.289563817517198
45,7,193,27,19.72664507715389
45,7,194,27,18.520297432816783
45,7,195,27,19.660331863933525
45,7,196,27,20.77686381531149
46,7,186,27,15.260596482444582
46,7,187,27,13.811764405752076
46,7,188,27,13.399516147980863
46,7,189,27,16.02481591157914
46,7,190,27,17.396233414161813
46,7,191,27,18.54427838984305
46,7,192,27,17.56366365539946
46,7,193,27,19.79684070754725
46,7,194,27,18.86327360242649
46,7,195,27,19.896776749011384
46,7,196,27,21.086858988479058
41,7,198,28,9.511237669199524
41,7,199,28,9.821678573441506
41,7,200,28,10.492422122655949
41,7,201,28,8.521861885761814
41,7,202,28,8.297910399612665
41,7,203,28,9.37293411904725
41,7,204,28,7.301700281441302
41,7,205,28,9.570730797593253
41,7,206,28,7.511892704239058
41,7,207,28,8.663192656290171
41,7,208,28,9.07303019944274
42,7,198,28,9.076339901083474
42,7,199,28,9.436015154714406
42,7,200,28,9.980149798474967
42,7,201,28,7.9070263689961156
42,7,202,28,7.652581067848938
42,7,203,28,8.621654481594586
42,7,204,28,6.800894279431197
42,7,205,28,8.845007857543147
42,7,206,28,7.031323061842628
42,7,207,28,8.049219278911462
42,7,208,28,8.486562849587578
43,7,198,28,9.39745885864897
43,7,199,28,9.916791164484607
43,7,200,28,10.44952070671186
43,7,201,28,8.13958899453774
43,7,202,28,7.684359439797178
43,7,203,28,8.501887378694217
43,7,204,28,6.810954265005748
43,7,205,28,8.565465836718982
43,7,206,28,6.833351227618847
43,7,207,28,7.7178358365541815
43,7,208,28,8.00155734841662
44,7,198,28,11.073713649900832
44,7,199,28,11.377416666361478
44,7,200,28,12.03491927683771
44,7,201,28,10.069037789183229
44,7,202,28,9.803233395161008
44,7,203,28,10.8314112653892
44,7,204,28,8.78395144567637
44,7,205,28,10.953848456136319
44,7,206,28,8.888954494202343
44,7,207,28,9.99361611229889
44,7,208,28,10.284507231753986
45,7,198,28,11.762614207734604
45,7,199,28,11.952798375275973
45,7,200,28,12.48616101930453
45,7,201,28,10.682979032086504
45,7,202,28,10.532081940433239
45,7,203,28,11.541408103000258
45,7,204,28,9.650230878067113
45,7,205,28,11.758994302235203
45,7,206,28,9.859092605306028
45,7,207,28,10.909542611860497
45,7,208,28,11.25953471507593
46,7,198,28,11.769736658056544
46,7,199,28,11.99828633597315
46,7,200,28,12.729926119188594
46,7,201,28,10.915405489490526
46,7,202,28,10.711568325880204
46,7,203,28,11.816846999094135
46,7,204,28,9.631204389898494
46,7,205,28,11.950990293695332
46,7,206,28,9.757020293101784
46,7,207,28,10.943806558962926
46,7,208,28,11.238169779817355
52,9,78,13,13.540073928897135
52,9,79,13,14.118310805475277
52,9,80,13,14.792980936917342
52,9,81,13,14.581636293640022
52,9,82,13,16.070523202434945
52,9,83,13,14.39586134970742
53,9,78,13,12.418638331153703
53,9,79,13,13.040109278683216
53,9,80,13,13.666839612726857
53,9,81,13,13.488802207757367
53,9,82,13,14.968196618163459
53,9,83,13,13.275158228812193
54,9,78,13,12.770134259278562
54,9,79,13,13.442400194905675
54,9,80,13,14.005551827757449
54,9,81,13,13.849131886150845
54,9,82,13,15.315341687340835
54,9,83,13,13.568814944570512
55,9,78,13,14.137957773313655
55,9,79,13,14.582143326685555
55,9,80,13,15.17910712130328
55,9,81,13,15.284995551193333
55,9,82,13,16.73119338242195
55,9,83,13,15.218444204319969
56,9,78,13,13.775699002228523
56,9,79,13,14.072734524604662
56,9,80,13,14.656228232393214
56,9,81,13,14.976673328880482
56,9,82,13,16.37904041755804
56,9,83,13,15.058916594496432
57,9,78,13,15.498934931149302
57,9,79,13,15.945503253268619
57,9,80,13,16.497127659080533
57,9,81,13,16.665941647563752
57,9,82,13,18.106373187361406
57,9,83,13,16.573301602275876
52,9,85,14,14.646618551734042
52,9,86,14,13.996132537240415
52,9,87,14,14.64848231046479
52,9,88,14,15.138164056450169
52,9,89,14,16.574518454543405
52,9,90,14,16.87041970432271
52,9,91,14,16.935877715666226
53,9,85,14,13.738923575011253
53,9,86,14,13.100285264069633
53,9,87,14,13.80139391510872
53,9,88,14,14.347845726798152
53,9,89,14,15.779541628323683
53,9,90,14,16.0082269786507
53,9,91,14,16.253863848328493
54,9,85,14,14.300593973678156
54,9,86,14,13.654867593645864
54,9,87,14,14.373875921267723
54,9,88,14,15.010621572739751
54,9,89,14,16.434396399016304
54,9,90,14,16.605521310696634
54,9,91,14,16.99442240854334
55,9,85,14,14.965013164043656
55,9,86,14,14.170113125871646
55,9,87,14,14.718052792404299
55,9,88,14,15.487702573332172
55,9,89,14,16.978236598657706
55,9,90,14,17.381895207370224
55,9,91,14,17.365855061009807
56,9,85,14,14.221762970883738
56,9,86,14,13.346275772664068
56,9,87,14,13.80386703065485
56,9,88,14,14.684172908270996
56,9,89,14,16.20092549825472
56,9,90,14,16.719800537087753
56,9,91,14,16.545488176539244
57,9,85,14,16.360479363392745
57,9,86,14,15.519598512848196
57,9,87,14,16.0377833256345
57,9,88,14,16.924562298623854
57,9,89,14,18.427127502679305
57,9,90,14,18.83610514411087
57,9,91,14,18.841403132463356
52,9,131,20,5.817843157047121
52,9,132,20,6.442313947643347
52,9,133,20,5.862128794218019
52,9,134,20,5.881297985989147
52,9,135,20,4.8801838080137925
52,9,136,20,6.077514294512191
52,9,137,20,5.0001312982760755
53,9,131,20,6.375908170605974
53,9,132,20,7.140021918733863
53,9,133,20,6.700489086626436
53,9,134,20,6.070490589729961
53,9,135,20,4.947800319333835
53,9,136,20,6.089075956169379
53,9,137,20,4.598304578863823
54,9,131,20,7.114729228860365
54,9,132,20,7.737159556322978
54,9,133,20,7.219705049377014
54,9,134,20,6.6914322084289255
54,9,135,20,5.396667953469065
54,9,136,20,6.8443117258056
54,9,137,20,4.8765945084659235
55,9,131,20,7.186097341394701
55,9,132,20,7.762501207729373
55,9,133,20,7.096964844213333
55,9,134,20,7.359975135827566
55,9,135,20,6.39926511405802
55,9,136,20,7.494588981391843
55,9,137,20,6.496994766813344
56,9,131,20,7.771911862598548
56,9,132,20,8.512934041797811
56,9,133,20,7.966862431346485
56,9,134,20,8.014127588203223
56,9,135,20,7.26114322954726
56,9,136,20,7.906091132791225
56,9,137,20,7.357467770911402
57,9,131,20,8.081840693802373
57,9,132,20,8.41594587672711
57,9,133,20,7.569205374410184
57,9,134,20,8.3397432814206
57,9,135,20,7.276142247097703
57,9,136,20,8.678241181253265
57,9,137,20,7.443778811866994
52,9,161,24,13.85236625995718
52,9,162,24,15.354108538107972
52,9,163,24,16.124014698579266
52,9,164,24,13.447970925013191
52,9,165,24,14.065143333787967
52,9,166,24,13.715634181473352
52,9,167,24,15.042045106966007
52,9,168,24,14.44868855640539
52,9,169,24,15.699900668475587
52,9,170,24,15.454842380302688
52,9,171,24,16.244767372911195
53,9,161,24,14.194278037293758
53,9,162,24,15.668624604603938
53,9,163,24,16.520365734450312
53,9,164,24,13.879896685494456
53,9,165,24,14.43873882996711
53,9,166,24,13.966581364099092
53,9,167,24,15.486343177135133
53,9,168,24,14.647378229567225
53,9,169,24,16.09408366450231
53,9,170,24,15.73333089336139
53,9,171,24,16.488332389905292
54,9,161,24,13.688098333954207
54,9,162,24,15.133265014530073
54,9,163,24,16.036156054366643
54,9,164,24,13.363912189175743
54,9,165,24,13.82245831970565
54,9,166,24,13.253558993719386
54,9,167,24,14.882750619425156
54,9,168,24,13.859500928965657
54,9,169,24,15.417234706652165
54,9,170,24,14.970899438577492
54,9,171,24,15.674280334356661
55,9,161,24,14.690923830719427
55,9,162,24,16.184445032190634
55,9,163,24,16.940695204152636
55,9,164,24,14.154909890211242
55,9,165,24,14.66434604747174
55,9,166,24,14.28576889775276
55,9,167,24,15.558596884038096
55,9,168,24,14.9201741611819
55,9,169,24,16.127133564276082
55,9,170,24,15.861050312006453
55,9,171,24,16.56270808171176
56,9,161,24,16.146476829327195
56,9,162,24,17.646494382737895
56,9,163,24,18.378861580631163
56,9,164,24,15.604563082637082
56,9,165,24,16.134901859013585
56,9,166,24,15.78249074132471
56,9,167,24,17.005575850290988
56,9,168,24,16.41604641806303
56,9,169,24,17.578983474592615
56,9,170,24,17.33491124869118
56,9,171,24,18.024961969446707
57,9,161,24,14.161207893396663
57,9,162,24,15.632769268430978
57,9,163,24,16.371774552564546
57,9,164,24,13.492296987540707
57,9,165,24,13.890134808561074
57,9,166,24,13.496217433043972
57,9,167,24,14.701796658912132
57,9,168,24,14.047031679326416
57,9,169,24,15.18977876731587
57,9,170,24,14.916831667616282
57,9,171,24,15.550780076896464
52,9,186,27,14.805963967266704
52,9,187,27,13.729813618545595
52,9,188,27,14.09292428845057
52,9,189,27,15.16697230827564
52,9,190,27,16.04182143648283
52,9,191,27,17.43165101188066
52,9,192,27,15.538506395403646
52,9,193,27,18.30687215228205
52,9,194,27,16.48230787844955
52,9,195,27,17.813555765203088
52,9,196,27,18.66385437148501
53,9,186,27,14.571173906037906
53,9,187,27,13.585220204324992
53,9,188,27,14.061146077045066
53,9,189,27,14.803297234062416
53,9,190,27,15.579675124982549
53,9,191,27,16.974224960215416
53,9,192,27,14.991706674024808
53,9,193,27,17.777594156690608
53,9,194,27,15.861727112770538
53,9,195,27,17.209241964711868
53,9,196,27,17.995461149967788
54,9,186,27,13.678131232006804
54,9,187,27,12.764603754131969
54,9,188,27,13.315394398965426
54,9,189,27,13.900823500785844
54,9,190,27,14.610331139300024
54,9,191,27,16.007859257252356
54,9,192,27,13.963716768826268
54,9,193,27,16.76540661600547
54,9,194,27,14.79124991337784
54,9,195,27,16.1503186965459
54,9,196,27,16.90408361905489
55,9,186,27,15.564623895231135
55,9,187,27,14.540625502364058
55,9,188,27,14.933322302823306
55,9,189,27,16.001156989417986
55,9,190,27,16.81755187296891
55,9,191,27,18.21172284546413
55,9,192,27,16.245845653581718
55,9,193,27,19.038525258013028
55,9,194,27,17.135042135927186
55,9,195,27,18.484355790776156
55,9,196,27,19.287973454979664
56,9,186,27,17.08072879007216
56,9,187,27,16.05807127272762
56,9,188,27,16.4473349208922
56,9,189,27,17.496976824583157
56,9,190,27,18.299266269443702
56,9,191,27,19.69545587185024
56,9,192,27,17.706347054093342
56,9,193,27,20.506219763769238
56,9,194,27,18.571187737998883
56,9,195,27,19.927761389579114
56,9,196,27,20.706106852810358
57,9,186,27,15.049958770707642
57,9,187,27,14.056902717170663
57,9,188,27,14.444532979643196
57,9,189,27,15.605845347176807
57,9,190,27,16.40477019040498
57,9,191,27,17.78897863847163
57,9,192,27,15.822113923240469
57,9,193,27,18.603130435493913
57,9,194,27,16.700288171166388
57,9,195,27,18.043649547694056
57,9,196,27,18.843420230945334
52,9,198,28,11.485931351005021
52,9,199,28,11.536429993719898
52,9,200,28,11.451766544948429
52,9,201,28,10.083626778099239
52,9,202,28,10.182363478092897
52,9,203,28,10.763334474037315
52,9,204,28,10.074971463979441
52,9,205,28,11.270619548188115
52,9,206,28,10.55438586560109
52,9,207,28,11.079988537900213
52,9,208,28,11.64336935770742
53,9,198,28,11.377126218865639
53,9,199,28,11.32587175452733
53,9,200,28,11.081706502159314
53,9,201,28,10.002505336164532
53,9,202,28,10.241824251567687
53,9,203,28,10.748187056429563
53,9,204,28,10.339623494112343
53,9,205,28,11.375338280684227
53,9,206,28,10.932673826653751
53,9,207,28,11.369277285738086
53,9,208,28,12.026201727893973
54,9,198,28,10.6408798508394
54,9,199,28,10.641966641556436
54,9,200,28,10.334629843395456
54,9,201,28,9.243697420404887
54,9,202,28,9.470218635279757
54,9,203,28,9.870254201387114
54,9,204,28,9.69058083914478
54,9,205,28,10.51473014394568
54,9,206,28,10.290563347067057
54,9,207,28,10.619041811764372
54,9,208,28,11.298869014197836
55,9,198,28,12.392851931658024
55,9,199,28,12.579468867961001
55,9,200,28,12.496778184796273
55,9,201,28,10.92381989049618
55,9,202,28,10.854831090348668
55,9,203,28,11.293191621503643
55,9,204,28,10.729463453500365
55,9,205,28,11.656850560936261
55,9,206,28,11.046360169757277
55,9,207,28,11.44438980461606
55,9,208,28,11.865810802469422
56,9,198,28,13.896138096607993
56,9,199,28,14.045130330473977
56,9,200,28,13.94410549300313
56,9,201,28,12.436581443467494
56,9,202,28,12.377459715143495
56,9,203,28,12.812208006428872
56,9,204,28,12.231642694258202
56,9,205,28,13.155170086319677
56,9,206,28,12.523838069857023
56,9,207,28,12.922363367433995
56,9,208,28,13.298991728698837
57,9,198,28,12.026837531121801
57,9,199,28,12.394550294383414
57,9,200,28,12.374794745772553
57,9,201,28,10.50705177487957
57,9,202,28,10.239938183407164
57,9,203,28,10.563561757286225
57,9,204,28,10.065194483963039
57,9,205,28,10.773148611246388
57,9,206,28,10.217381807488648
57,9,207,28,10.511154075552312
57,9,208,28,10.80790386707802
78,13,85,14,3.883870363439027
78,13,86,14,4.679990384605505
78,13,87,14,5.847820277676117
78,13,88,14,4.88568326848968
78,13,89,14,5.498178243745831
78,13,90,14,4.880927063581263
78,13,91,14,6.647598062458347
79,13,85,14,2.496977973471128
79,13,86,14,3.3217925883474386
79,13,87,14,4.42779290391951
79,13,88,14,3.7190443665006168
79,13,89,14,4.402942879484124
79,13,90,14,4.053470241657137
79,13,91,14,5.717163457519814
80,13,85,14,2.8040624101471052
80,13,86,14,3.384033540022909
80,13,87,14,4.3080699855039475
80,13,88,14,4.205145181798126
80,13,89,14,4.77773262123363
80,13,90,14,4.486897591877933
80,13,91,14,6.227781707799331
81,13,85,14,4.633795204797036
81,13,86,14,5.763849147921898
81,13,87,14,6.884541596940205
81,13,88,14,5.310376446166507
81,13,89,14,5.510958809499487
81,13,90,14,4.512658418271875
81,13,91,14,6.531706285496922
82,13,85,14,4.737167402572979
82,13,86,14,6.020320423366186
82,13,87,14,6.9986923064241084
82,13,88,14,5.356418486264868
82,13,89,14,5.173045331330473
82,13,90,14,3.964560126924552
82,13,91,14,6.284049808841429
83,13,85,14,6.116698701096857
83,13,86,14,7.167857280945259
83,13,87,14,8.3233073955009
83,13,88,14,6.74929529654763
83,13,89,14,6.943591433833066
83,13,90,14,5.871273200933505
83,13,91,14,7.839947066147826
78,13,131,20,14.092736320530518
78,13,132,20,15.516641808071745
78,13,133,20,16.103739751995494
78,13,134,20,12.99854137970873
78,13,135,20,13.043656465884096
78,13,136,20,11.653660111741717
78,13,137,20,11.922320705298947
79,13,131,20,14.969330612956616
79,13,132,20,16.429663691019364
79,13,133,20,16.985981926282623
79,13,134,20,13.971432496347687
79,13,135,20,14.02352245336385
79,13,136,20,12.587566246101746
79,13,137,20,12.9582505377848
80,13,131,20,15.955299245078422
80,13,132,20,17.40630667315729
80,13,133,20,17.917117932301498
80,13,134,20,14.947215961509356
80,13,135,20,14.92141846474389
80,13,136,20,13.593566897617414
80,13,137,20,13.811180615718555
81,13,131,20,14.591188642465015
81,13,132,20,15.993248012833416
81,13,133,20,16.67209288001959
81,13,134,20,13.455347672951454
81,13,135,20,13.616019572547623
81,13,136,20,12.102224299689706
81,13,137,20,12.516241768198633
82,13,131,20,16.115105305271822
82,13,132,20,17.520453903937536
82,13,133,20,18.210978831463176
82,13,134,20,14.987373952764377
82,13,135,20,15.162796114173664
82,13,136,20,13.625587693747377
82,13,137,20,14.060900860186733
83,13,131,20,14.086652796175537
83,13,132,20,15.42577391899674
83,13,133,20,16.13256774354287
83,13,134,20,12.857503256853569
83,13,135,20,13.009801766360624
83,13,136,20,11.578068405394745
83,13,137,20,11.864566448041836
78,13,161,24,23.894623600299713
78,13,162,24,25.172892146116226
78,13,163,24,26.13889550076667
78,13,164,24,24.18286695162507
78,13,165,24,24.87280340050152
78,13,166,24,24.26512272789899
78,13,167,24,26.161620534668717
78,13,168,24,24.97234059915089
78,13,169,24,26.829359943912195
78,13,170,24,26.287257958942767
78,13,171,24,27.067680007713996
79,13,161,24,25.075678315850205
79,13,162,24,26.38306746760126
79,13,163,24,27.342881157624927
79,13,164,24,25.30166709922491
79,13,165,24,25.976859875666268
79,13,166,24,25.368295902563112
79,13,167,24,27.24306240127934
79,13,168,24,26.05719142578494
79,13,169,24,27.894889585728784
79,13,170,24,27.354499026668357
79,13,171,24,28.11339244915135
80,13,161,24,25.812427355829982
80,13,162,24,27.111511318995106
80,13,163,24,28.09497131160664
80,13,164,24,26.0187690907929
80,13,165,24,26.64168474402473
80,13,166,24,25.986222464990945
80,13,167,24,27.904223981325835
80,13,168,24,26.62622154944257
80,13,169,24,28.511028638055137
80,13,170,24,27.92613625262184
80,13,171,24,28.643192315103423
81,13,161,24,24.355202113716896
81,13,162,24,25.597208050879296
81,13,163,24,26.550046572463863
81,13,164,24,24.731674447962476
81,13,165,24,25.470661043639996
81,13,166,24,24.89166081240864
81,13,167,24,26.782461910735535
81,13,168,24,25.638903018655068
81,13,169,24,27.490434481833862
81,13,170,24,26.9684664005946
81,13,171,24,27.785821024400196
82,13,161,24,25.837098501960313
82,13,162,24,27.063192069672784
82,13,163,24,28.023665748791682
82,13,164,24,26.230338503343795
82,13,165,24,26.957283338645233
82,13,166,24,26.360200776928846
82,13,167,24,28.274221916791976
82,13,168,24,27.090525077967754
82,13,169,24,28.96946718529701
82,13,170,24,28.426987124913534
82,13,171,24,29.22966115096102
83,13,161,24,23.38999655835802
83,13,162,24,24.58937382285283
83,13,163,24,25.547704358709026
83,13,164,24,23.83922209301302
83,13,165,24,24.58772354245102
83,13,166,24,24.00802451264994
83,13,167,24,25.92003589889489
83,13,168,24,24.76808609884906
83,13,169,24,26.63925916762702
83,13,170,24,26.112686131457256
83,13,171,24,26.946966638195107
78,13,186,27,22.86674780111942
78,13,187,27,22.204261978277955
78,13,188,27,22.866951545844493
78,13,189,27,22.293717971661884
78,13,190,27,22.679270909797783
78,13,191,27,23.84641920708432
78,13,192,27,21.99865843636834
78,13,193,27,24.31745582909528
78,13,194,27,22.474218673849375
78,13,195,27,23.6222435217318
78,13,196,27,24.045615192795545
79,13,186,27,24.103148694724513
79,13,187,27,23.433387505864363
79,13,188,27,24.10343749343649
79,13,189,27,23.57506142091681
79,13,190,27,23.95422641205514
79,13,191,27,25.142115444011473
79,13,192,27,23.237195119032766
79,13,193,27,25.60209389874196
79,13,194,27,23.69942803107282
79,13,195,27,24.871671294868793
79,13,196,27,25.27743452172313
80,13,186,27,24.629235676325806
80,13,187,27,24.01288839352734
80,13,188,27,24.726782928638325
80,13,189,27,24.084572157296048
80,13,190,27,24.399110188693356
80,13,191,27,25.577495577167053
80,13,192,27,23.630469991094124
80,13,193,27,25.98144778490991
80,13,194,27,24.031936459636373
80,13,195,27,25.201312743585405
80,13,196,27,25.550709677032454
81,13,186,27,23.35226532908531
81,13,187,27,22.69036714114604
81,13,188,27,23.323462307299053
81,13,189,27,22.709816864078846
81,13,190,27,23.1046299689045
81,13,191,27,24.228606687137415
81,13,192,27,22.483062202466993
81,13,193,27,24.70692738889237
81,13,194,27,22.964742759282107
81,13,195,27,24.06413950258766
81,13,196,27,24.494558436518098
82,13,186,27,24.710651731591373
82,13,187,27,24.086429664854855
82,13,188,27,24.738213415685454
82,13,189,27,24.026810212760243
82,13,190,27,24.374516918289885
82,13,191,27,25.471988556058985
82,13,192,27,23.73524781838184
82,13,193,27,25.90632455598439
82,13,194,27,24.167957402312673
82,13,195,27,25.2438921127468
82,13,196,27,25.627068814048943
83,13,186,27,22.299568628114763
83,13,187,27,21.657715530498596
83,13,188,27,22.283164474553427
83,13,189,27,21.599018056383958
83,13,190,27,21.98972439572629
83,13,191,27,23.079050868699092
83,13,192,27,21.410500437869267
83,13,193,27,23.559629029337458
83,13,194,27,21.895499560411956
83,13,195,27,22.956758068159367
83,13,196,27,23.39666343733653
78,13,198,28,20.223674666093693
78,13,199,28,19.364043508523732
78,13,200,28,18.594029391178235
78,13,201,28,19.429983556349192
78,13,202,28,20.37815256592216
78,13,203,28,20.901392896168428
78,13,204,28,20.920857439407207
78,13,205,28,21.974381879816324
78,13,206,28,21.952807815858087
78,13,207,28,22.39600928737082
78,13,208,28,23.364339023392038
79,13,198,28,21.430439356205465
79,13,199,28,20.628353133490812
79,13,200,28,19.87308805898067
79,13,201,28,20.571350198759443
79,13,202,28,21.45575023158128
79,13,203,28,21.951017129053497
79,13,204,28,21.97014096449998
79,13,205,28,22.976148349973723
79,13,206,28,22.950979695864838
79,13,207,28,23.372053183235746
79,13,208,28,24.292428079547754
80,13,198,28,22.06326761837421
80,13,199,28,21.285820491585476
80,13,200,28,20.491362228997858
80,13,201,28,21.192468284746823
80,13,202,28,22.058878960636235
80,13,203,28,22.491538853533342
80,13,204,28,22.61834540809738
80,13,205,28,23.504980791313145
80,13,206,28,23.58259184228909
80,13,207,28,23.945185758310583
80,13,208,28,24.85170426751453
81,13,198,28,20.72975605259261
81,13,199,28,19.77870860293968
81,13,200,28,19.006616584758056
81,13,201,28,20.03046634504549
81,13,202,28,21.056212028757688
81,13,203,28,21.632724331438236
81,13,204,28,21.602949312536005
81,13,205,28,22.755453060750074
81,13,206,28,22.69036888197281
81,13,207,28,23.182704479848766
81,13,208,28,24.197558740501076
82,13,198,28,22.166311623723058
82,13,199,28,21.198013043679353
82,13,200,28,20.3988633261758
82,13,201,28,21.48863087774556
82,13,202,28,22.526098952104423
82,13,203,28,23.079477832048106
82,13,204,28,23.098726588277543
82,13,205,28,24.20870878423713
82,13,206,28,24.190604808478845
82,13,207,28,24.663084356989902
82,13,208,28,25.680304242746036
83,13,198,28,19.744150399548722
83,13,199,28,18.727316225236336
83,13,200,28,17.936875118035477
83,13,201,28,19.131526154491706
83,13,202,28,20.225821961047714
83,13,203,28,20.824716204548867
83,13,204,28,20.80709845221097
83,13,205,28,21.995138758371134
83,13,206,28,21.945793879465832
83,13,207,28,22.454720706345917
83,13,208,28,23.517079878250193
85,14,131,20,15.578623815985802
85,14,132,20,17.087260108045406
85,14,133,20,17.641380586564075
85,14,134,20,14.77961085414633
85,14,135,20,14.944846101582977
85,14,136,20,13.324198850212342
85,14,137,20,14.05483212279677
86,14,131,20,15.468883637806575
86,14,132,20,16.972237654475617
86,14,133,20,17.42877092625868
86,14,134,20,14.737787961563296
86,14,135,20,14.798412685149712
86,14,136,20,13.323485504927001
86,14,137,20,13.92266141942696
87,14,131,20,16.318781725361735
87,14,132,20,17.822537950583804
87,14,133,20,18.24769399129654
87,14,134,20,15.657124704108352
87,14,135,20,15.712569808914132
87,14,136,20,14.248109979923651
87,14,137,20,14.879467497192227
88,14,131,20,15.667810185217334
88,14,132,20,17.187490392724587
88,14,133,20,17.806881169929785
88,14,134,20,14.95440299711092
88,14,135,20,15.266236242112853
88,14,136,20,13.45375854547717
88,14,137,20,14.493014662243322
89,14,131,20,16.793196509301023
89,14,132,20,18.305422065606678
89,14,133,20,18.98779876657639
89,14,134,20,16.050382487654307
89,14,135,20,16.43384197319665
89,14,136,20,14.535361502212456
89,14,137,20,15.657563635508557
90,14,131,20,16.822388831554218
90,14,132,20,18.313342294622245
90,14,133,20,19.042121861809413
90,14,134,20,15.974943474078403
90,14,135,20,16.366640064472612
90,14,136,20,14.474249997840992
90,14,137,20,15.524148865557816
91,14,131,20,16.792515981829524
91,14,132,20,18.298901087223786
91,14,133,20,19.033037224783644
91,14,134,20,16.141602584625854
91,14,135,20,16.652557461243
91,14,136,20,14.606710307252618
91,14,137,20,15.994115011465933
85,14,161,24,26.427302397331434
85,14,162,24,27.789517628055364
85,14,163,24,28.702924816122835
85,14,164,24,26.568750911550207
85,14,165,24,27.282648515127704
85,14,166,24,26.737549588546816
85,14,167,24,28.506800416742664
85,14,168,24,27.454399173902893
85,14,169,24,29.186263104412667
85,14,170,24,28.71020811488485
85,14,171,24,29.482121836801365
86,14,161,24,26.2442222403332
86,14,162,24,27.63149849356708
86,14,163,24,28.550020420307934
86,14,164,24,26.29856235614411
86,14,165,24,26.960851711323954
86,14,166,24,26.394230449096256
86,14,167,24,28.152427302099543
86,14,168,24,27.067223592381982
86,14,169,24,28.788698355431077
86,14,170,24,28.298083132961494
86,14,171,24,29.02852281808359
87,14,161,24,27.180941503193004
87,14,162,24,28.5826719709687
87,14,163,24,29.49467046773027
87,14,164,24,27.190206582517906
87,14,165,24,27.83652573508411
87,14,166,24,27.270244021643812
87,14,167,24,29.00636376728389
87,14,168,24,27.9256373427716
87,14,169,24,29.6267517794307
87,14,170,24,29.138293858769423
87,14,171,24,29.849064524704957
88,14,161,24,26.95232271994382
88,14,162,24,28.326147531918274
88,14,163,24,29.19853936415313
88,14,164,24,27.105448695788088
88,14,165,24,27.886533560125393
88,14,166,24,27.40856395362588
88,14,167,24,29.102913496761794
88,14,168,24,28.181452517569067
88,14,169,24,29.836949341378723
88,14,170,24,29.423174573794714
88,14,171,24,30.23959669043223
89,14,161,24,28.083308441136342
89,14,162,24,29.434934941324396
89,14,163,24,30.303940172855413
89,14,164,24,28.294501550654676
89,14,165,24,29.102970930817353
89,14,166,24,28.633548522668303
89,14,167,24,30.338266479810603
89,14,168,24,29.42596056206152
89,14,169,24,31.093644286252456
89,14,170,24,30.682930417416127
89,14,171,24,31.517706087213895
90,14,161,24,27.82837045175301
90,14,162,24,29.14220468667393
90,14,163,24,30.025499346388894
90,14,164,24,28.115964059587217
90,14,165,24,28.932063113438694
90,14,166,24,28.44807241273124
90,14,167,24,30.197601593504075
90,14,168,24,29.24786163123725
90,14,169,24,30.960727543131156
90,14,170,24,30.53102693981976
90,14,171,24,31.377894862466473
91,14,161,24,28.427403908904516
91,14,162,24,29.788264048111294
91,14,163,24,30.614231363860828
91,14,164,24,28.644049259837548
91,14,165,24,29.513731939556543
91,14,166,24,29.111131565090353
91,14,167,24,30.73627819043808
91,14,168,24,29.9550746785916
91,14,169,24,31.541950145797898
91,14,170,24,31.193711080921418
91,14,171,24,32.06939782721216
85,14,186,27,25.830141114597108
85,14,187,27,25.082326626531277
85,14,188,27,25.7044135509838
85,14,189,27,25.40328864537031
85,14,190,27,25.853164061677244
85,14,191,27,27.083734343697877
85,14,192,27,25.14404673078699
85,14,193,27,27.595377493341164
85,14,194,27,25.659567845152807
85,14,195,27,26.871661020487736
85,14,196,27,27.318375116393725
86,14,186,27,25.636092467456887
86,14,187,27,24.893251495134173
86,14,188,27,25.536489363262127
86,14,189,27,25.27824778342043
86,14,190,27,25.716012463054994
86,14,191,27,26.976256726981227
86,14,192,27,24.958627265937523
86,14,193,27,27.47706443563431
86,14,194,27,25.463524991642455
86,14,195,27,26.71030143970674
86,14,196,27,27.146267404562266
87,14,186,27,26.607080730512315
87,14,187,27,25.86321484270662
87,14,188,27,26.51006218400854
87,14,189,27,26.28169695814941
87,14,190,27,26.71330015179704
87,14,191,27,27.984231613535506
87,14,192,27,25.933590013725443
87,14,193,27,28.47645009477129
87,14,194,27,26.428166962542065
87,14,195,27,27.687869455774308
87,14,196,27,28.111526568295787
88,14,186,27,26.645917473414194
88,14,187,27,25.83672620515223
88,14,188,27,26.40116194412662
88,14,189,27,26.242029075511674
88,14,190,27,26.75959655899169
88,14,191,27,27.99484356091314
88,14,192,27,26.105455789930193
88,14,193,27,28.56057917830099
88,14,194,27,26.67718129788078
88,14,195,27,27.8873076147555
88,14,196,27,28.383133917874535
89,14,186,27,27.74556460049065
89,14,187,27,26.947530016682418
89,14,188,27,27.504601814969067
89,14,189,27,27.28503892245712
89,14,190,27,27.791884876704565
89,14,191,27,28.998299208746705
89,14,192,27,27.160103037359775
89,14,193,27,29.553283235539162
89,14,194,27,27.718383232071815
89,14,195,27,28.8981989231163
89,14,196,27,29.381078094583252
90,14,186,27,27.344185231964765
90,14,187,27,26.57848940402746
90,14,188,27,27.14298410271059
90,14,189,27,26.808970923927685
90,14,190,27,27.289924624300447
90,14,191,27,28.459081116578588
90,14,192,27,26.6802428399743
90,14,193,27,28.99468152954952
90,14,194,27,27.21790418088799
90,14,195,27,28.359349604671824
90,14,196,27,28.826615080511967
91,14,186,27,28.38244124454413
91,14,187,27,27.524337049236987
91,14,188,27,28.023373976022224
91,14,189,27,27.95331130653397
91,14,190,27,28.52815256899752
91,14,191,27,29.740495574216645
91,14,192,27,27.95003980319169
91,14,193,27,30.350685560626136
91,14,194,27,28.56565968081255
91,14,195,27,29.74553057183549
91,14,196,27,30.279572949432424
85,14,198,28,22.984896084167964
85,14,199,28,22.254342902004545
85,14,200,28,21.57974073060193
85,14,201,28,22.036296104381968
85,14,202,28,22.827567040751408
85,14,203,28,23.352169620829667
85,14,204,28,23.229951980148382
85,14,205,28,24.301553407138396
85,14,206,28,24.13561621338887
85,14,207,28,24.59146374252659
85,14,208,28,25.43880172099307
86,14,198,28,22.79632191823935
86,14,199,28,22.15930280942972
86,14,200,28,21.49592717237384
86,14,201,28,21.767764676236276
86,14,202,28,22.47237294991341
86,14,203,28,22.940255164230408
86,14,204,28,22.862154360427184
86,14,205,28,23.827655549801786
86,14,206,28,23.70095021301888
86,14,207,28,24.104905849224966
86,14,208,28,24.89440704254672
87,14,198,28,23.7626135136689
87,14,199,28,23.168060363353682
87,14,200,28,22.516168523974056
87,14,201,28,22.695843914690634
87,14,202,28,23.352182467598183
87,14,203,28,23.796031496869386
87,14,204,28,23.721624607096366
87,14,205,28,24.64402055266145
87,14,206,28,24.51865471431905
87,14,207,28,24.902405225198628
87,14,208,28,25.65220142599851
88,14,198,28,23.680362581683582
88,14,199,28,22.929791931022837
88,14,200,28,22.310786046215405
88,14,201,28,22.740910140097736
88,14,202,28,23.534356693991022
88,14,203,28,24.12803783982444
88,14,204,28,23.86475780308696
88,14,205,28,25.072248602787905
88,14,206,28,24.76994634632865
88,14,207,28,25.294426046067933
88,14,208,28,26.137424528824564
89,14,198,28,24.807647550705
89,14,199,28,23.99466584472474
89,14,200,28,23.3602948825566
89,14,201,28,23.92535101100922
89,14,202,28,24.772425355624748
89,14,203,28,25.389820972192773
89,14,204,28,25.117750695474303
89,14,205,28,26.37005640873754
89,14,206,28,26.061004182494578
89,14,207,28,26.607967152715744
89,14,208,28,27.482328831450946
90,14,198,28,24.48378634933739
90,14,199,28,23.598617417128487
90,14,200,28,22.929162130352694
90,14,201,28,23.67888498219458
90,14,202,28,24.60090134527595
90,14,203,28,25.230629282679416
90,14,204,28,24.995668604780306
90,14,205,28,26.266652203887727
90,14,206,28,25.997303129363242
90,14,207,28,26.552470939631966
90,14,208,28,27.480117230463193
91,14,198,28,25.331759216446056
91,14,199,28,24.509704139381203
91,14,200,28,23.934467886293188
91,14,201,28,24.455714690026948
91,14,202,28,25.296511182374534
91,14,203,28,25.97707498930547
91,14,204,28,25.56927382621571
91,14,205,28,26.94630666714828
91,14,206,28,26.505752941578546
91,14,207,28,27.116188817752395
91,14,208,28,27.981794831640087
131,20,161,24,12.706929448139698
131,20,162,24,14.141945622862504
131,20,163,24,14.719131394209372
131,20,164,24,12.77734452067408
131,20,165,24,13.917683643480329
131,20,166,24,13.972263309857855
131,20,167,24,14.988401315684065
131,20,168,24,15.111001886043159
131,20,169,24,16.04510074758024
131,20,170,24,16.124762881977517
131,20,171,24,17.240961574111807
132,20,161,24,11.469704878504936
132,20,162,24,12.893295389465024
132,20,163,24,13.405653620767621
132,20,164,24,11.53361109973802
132,20,165,24,12.736235786133987
132,20,166,24,12.897121151636908
132,20,167,24,13.767979517707015
132,20,168,24,14.087614631299367
132,20,169,24,14.876407025891705
132,20,170,24,15.045255265365222
132,20,171,24,16.201388273848636
133,20,161,24,10.81340672498727
133,20,162,24,12.274627204115
133,20,163,24,12.791267724506435
133,20,164,24,10.740193201241773
133,20,165,24,11.887069487472509
133,20,166,24,12.040435914035672
133,20,167,24,12.879917507499803
133,20,168,24,13.198415548845247
133,20,169,24,13.952809502032201
133,20,170,24,14.122606027217495
133,20,171,24,15.25146356911362
134,20,161,24,12.724026917607487
134,20,162,24,14.13493830902703
134,20,163,24,14.80610536231591
134,20,164,24,12.908015649200305
134,20,165,24,14.00278183076491
134,20,166,24,13.939042542441715
134,20,167,24,15.159618497838256
134,20,168,24,15.047472777845451
134,20,169,24,16.17915563309779
134,20,170,24,16.14944163121437
134,20,171,24,17.2492278377903
135,20,161,24,11.98568099859161
135,20,162,24,13.423564690498571
135,20,163,24,14.171402894561995
135,20,164,24,12.096251485480948
135,20,165,24,13.082733162455009
135,20,166,24,12.908585786212218
135,20,167,24,14.259002805245531
135,20,168,24,13.94796949380088
135,20,169,24,15.200931978007143
135,20,170,24,15.081399702945347
135,20,171,24,16.13005979530144
136,20,161,24,14.209316204518782
136,20,162,24,15.614230848812248
136,20,163,24,16.307915194775823
136,20,164,24,14.401196130877468
136,20,165,24,15.465225669223196
136,20,166,24,15.349329399032394
136,20,167,24,16.63431708847706
136,20,168,24,16.422620649579653
136,20,169,24,17.62570251082209
136,20,170,24,17.55001894585872
136,20,171,24,18.621709991297795
137,20,161,24,12.489923538597024
137,20,162,24,13.895515247733709
137,20,163,24,14.734951679595019
137,20,164,24,12.65261320834554
137,20,165,24,13.537783792039228
137,20,166,24,13.218091919789336
137,20,167,24,14.768825207172029
137,20,168,24,14.177591614939399
137,20,169,24,15.632014073688653
137,20,170,24,15.38290011668801
137,20,171,24,16.375843733988184
131,20,186,27,14.999977799983567
131,20,187,27,13.67075992767044
131,20,188,27,13.66344305071016
131,20,189,27,15.199749274247912
131,20,190,27,16.388692077161004
131,20,191,27,17.646441057618386
131,20,192,27,16.321683430332786
131,20,193,27,18.763832097948434
131,20,194,27,17.498573599010857
131,20,195,27,18.64587541522253
131,20,196,27,19.70574685212413
132,20,186,27,14.212899422707528
132,20,187,27,12.82771971162451
132,20,188,27,12.709024116744763
132,20,189,27,14.505194655708692
132,20,190,27,15.771283207145828
132,20,191,27,16.996160036902456
132,20,192,27,15.804239684337869
132,20,193,27,18.171657959580905
132,20,194,27,17.038993221431834
132,20,195,27,18.14248792200232
132,20,196,27,19.257996806521703
133,20,186,27,13.628052281966044
133,20,187,27,12.236757495349817
133,20,188,27,12.121669728218134
133,20,189,27,14.02932624896862
133,20,190,27,15.295349783512632
133,20,191,27,16.540386543246196
133,20,192,27,15.302239411275718
133,20,193,27,17.713884554213394
133,20,194,27,16.54042735239933
133,20,195,27,17.66392037459408
133,20,196,27,18.78194659773049
134,20,186,27,14.47225984426758
134,20,187,27,13.208446085743772
134,20,188,27,13.29809794669899
134,20,189,27,14.53231492226892
134,20,190,27,15.655601457625316
134,20,191,27,16.91372983702885
134,20,192,27,15.544032070219101
134,20,193,27,17.984892382219027
134,20,194,27,16.676916591504558
134,20,195,27,17.826340987426445
134,20,196,27,18.84740411833948
135,20,186,27,13.376457266406527
135,20,187,27,12.152360429151203
135,20,188,27,12.332231955327467
135,20,189,27,13.466015631952907
135,20,190,27,14.54103576090782
135,20,191,27,15.837384916708947
135,20,192,27,14.35041452362962
135,20,193,27,16.87313800097658
135,20,194,27,15.45805275576455
135,20,195,27,16.648114638000305
135,20,196,27,17.64526321707897
136,20,186,27,15.683002423005616
136,20,187,27,14.471373604464784
136,20,188,27,14.628259329120468
136,20,189,27,15.66297573898396
136,20,190,27,16.716709813835976
136,20,191,27,17.982677247840492
136,20,192,27,16.53427050099278
136,20,193,27,19.000221156607626
136,20,194,27,17.607933354031076
136,20,195,27,18.777398142447748
136,20,196,27,19.74402350079639
137,20,186,27,13.19736382767407
137,20,187,27,12.08107698013716
137,20,188,27,12.399782820678753
137,20,189,27,13.154747051920081
137,20,190,27,14.114944916647746
137,20,191,27,15.42267920952777
137,20,192,27,13.821799376347496
137,20,193,27,16.3763405252822
137,20,194,27,14.84845129971473
137,20,195,27,16.061814779158677
137,20,196,27,16.988739241038463
131,20,198,28,11.252124777125426
131,20,199,28,10.810253743552922
131,20,200,28,10.989870699876317
131,20,201,28,10.370229794946681
131,20,202,28,10.91616787155639
131,20,203,28,12.052992076658807
131,20,204,28,10.544386041870807
131,20,205,28,12.8076977634546
131,20,206,28,11.360067341349694
131,20,207,28,12.422048502561884
131,20,208,28,13.230735769412068
132,20,198,28,10.445556280064745
132,20,199,28,10.079824304024353
132,20,200,28,10.415819794908128
132,20,201,28,9.629663337832739
132,20,202,28,10.10745492198704
132,20,203,28,11.315397297488058
132,20,204,28,9.59783022354532
132,20,205,28,12.012981228654276
132,20,206,28,10.375902177642194
132,20,207,28,11.523546198978854
132,20,208,28,12.310834780793707
133,20,198,28,9.868484027448185
133,20,199,28,9.672262868636272
133,20,200,28,10.061965066526517
133,20,201,28,8.946362109818711
133,20,202,28,9.2746153559056
133,20,203,28,10.447090073317067
133,20,204,28,8.691954555794684
133,20,205,28,11.056280613298487
133,20,206,28,9.376524995967321
133,20,207,28,10.506140775755862
133,20,208,28,11.23292579874006
134,20,198,28,10.791533950277872
134,20,199,28,10.200120538503453
134,20,200,28,10.23265649770381
134,20,201,28,9.960419720072036
134,20,202,28,10.678769404758208
134,20,203,28,11.786320418179711
134,20,204,28,10.497612395206822
134,20,205,28,12.672605296465283
134,20,206,28,11.447916185926587
134,20,207,28,12.449530673884857
134,20,208,28,13.36414336947939
135,20,198,28,9.730940190957911
135,20,199,28,9.228449219668494
135,20,200,28,9.202542420440126
135,20,201,28,8.784768693596888
135,20,202,28,9.472043285374072
135,20,203,28,10.506027079729046
135,20,204,28,9.380609468472718
135,20,205,28,11.400175656541439
135,20,206,28,10.334316087676049
135,20,207,28,11.249521145364367
135,20,208,28,12.176818303645662
136,20,198,28,12.065138333230998
136,20,199,28,11.41690032364302
136,20,200,28,11.334994706659552
136,20,201,28,11.216072440921554
136,20,202,28,11.967999916443853
136,20,203,28,13.014055517016981
136,20,204,28,11.866637013071566
136,20,205,28,13.924511230201226
136,20,206,28,12.820121099272036
136,20,207,28,13.763279914322753
136,20,208,28,14.674889369259317
137,20,198,28,9.710864122208692
137,20,199,28,9.114839000223759
137,20,200,28,8.887130583039728
137,20,201,28,8.771196611637434
137,20,202,28,9.57649857724628
137,20,203,28,10.502205006568861
137,20,204,28,9.704579279906984
137,20,205,28,11.492857956139545
137,20,206,28,10.73239302299352
137,20,207,28,11.523048685135372
137,20,208,28,12.512017782915752
161,24,186,27,5.905823058643054
161,24,187,27,4.693507963133758
161,24,188,27,3.6055851120171902
161,24,189,27,6.956408987401473
161,24,190,27,8.380084247786536
161,24,191,27,9.0436392011181
161,24,192,27,9.16353370703682
161,24,193,27,10.377451083960839
161,24,194,27,10.47861717976184
161,24,195,27,10.9864118801363
161,24,196,27,12.283859776145285
162,24,186,27,5.935270507735933
162,24,187,27,4.994155484163461
162,24,188,27,3.7850989419036334
162,24,189,27,6.975255837601941
162,24,190,27,8.317668783980281
162,24,191,27,8.757400641742958
162,24,192,27,9.260791434861273
162,24,193,27,10.067975019833925
162,24,194,27,10.510367928859576
162,24,195,27,10.832909027588109
162,24,196,27,12.117324663472544
163,24,186,27,7.072415782460757
163,24,187,27,6.193234050155056
163,24,188,27,4.982578950704147
163,24,189,27,8.109383022154027
163,24,190,27,9.41756130853418
163,24,191,27,9.769445275961168
163,24,192,27,10.397864828896362
163,24,193,27,11.057736929408295
163,24,194,27,11.6204145795234
163,24,195,27,11.879914014840342
163,24,196,27,13.150379538249078
164,24,186,27,6.3876973159347505
164,24,187,27,5.227026305654106
164,24,188,27,4.316421318638859
164,24,189,27,7.633598954621601
164,24,190,27,8.972847318438003
164,24,191,27,9.70038973443851
164,24,192,27,9.608795397967425
164,24,193,27,10.97015086496079
164,24,194,27,10.884159636830029
164,24,195,27,11.466099641988116
164,24,196,27,12.723632893163812
165,24,186,27,5.856662701573312
165,24,187,27,4.955148736415487
165,24,188,27,4.176535645723621
165,24,189,27,7.266072804479735
165,24,190,27,8.452061168732751
165,24,191,27,9.116168383701567
165,24,192,27,9.039672671065029
165,24,193,27,10.296950276659588
165,24,194,27,10.22531016644483
165,24,195,27,10.760626468751715
165,24,196,27,11.966224676145776
166,24,186,27,4.79946392839867
166,24,187,27,4.012706194079003
166,24,188,27,3.5160639925917185
166,24,189,27,6.271514490137129
166,24,190,27,7.365638193666588
166,24,191,27,8.106712157218855
166,24,192,27,7.835258387570888
166,24,193,27,9.233730177994152
166,24,194,27,8.98979621571034
166,24,195,27,9.587781495215667
166,24,196,27,10.766455730647854
167,24,186,27,6.8544171159917004
167,24,187,27,6.131016962951576
167,24,188,27,5.350478296376877
167,24,189,27,8.309804089146745
167,24,190,27,9.396363658352097
167,24,191,27,9.94180245227192
167,24,192,27,9.99972419619661
167,24,193,27,11.056853847274999
167,24,194,27,11.107731991725402
167,24,195,27,11.556777405488088
167,24,196,27,12.716807814856686
168,24,186,27,4.798895289543207
168,24,187,27,4.417015395037692
168,24,188,27,4.161385105947298
168,24,189,27,6.337567830011759
168,24,190,27,7.193686537513293
168,24,191,27,7.844096761259385
168,24,192,27,7.574709895434935
168,24,193,27,8.83138635775833
168,24,194,27,8.58754109160474
168,24,195,27,9.127011887797668
168,24,196,27,10.221542593953224
169,24,186,27,6.868545406416124
169,24,187,27,6.411753660271114
169,24,188,27,5.799703957961998
169,24,189,27,8.380425168211934
169,24,190,27,9.285985461974409
169,24,191,27,9.755103997395416
169,24,192,27,9.81987525379014
169,24,193,27,10.750976932353636
169,24,194,27,10.809598604943664
169,24,195,27,11.204580581173042
169,24,196,27,12.28696109703291
170,24,186,27,5.942418026359305
170,24,187,27,5.67409737315108
170,24,188,27,5.29306773053208
170,24,189,27,7.476626110753432
170,24,190,27,8.252304768972122
170,24,191,27,8.749475984309003
170,24,192,27,8.682589590669362
170,24,193,27,9.67086392211161
170,24,194,27,9.60861373976496
170,24,195,27,10.030595495781892
170,24,196,27,11.07193230651272
171,24,186,27,6.49882497071586
171,24,187,27,6.491502214433881
171,24,188,27,6.265667083399821
171,24,189,27,8.003857944766382
171,24,190,27,8.56434796117019
171,24,191,27,8.965370154098489
171,24,192,27,8.901059824537747
171,24,193,27,9.72905601792897
171,24,194,27,9.669183522924774
171,24,195,27,10.02425109422145
171,24,196,27,10.95487850229294
161,24,198,28,4.601411087916404
161,24,199,28,5.40430698609914
161,24,200,28,6.595623245759264
161,24,201,28,5.308945092953964
161,24,202,28,5.078752307407794
161,24,203,28,5.861677063776203
161,24,204,28,4.480845567524058
161,24,205,28,6.0329931211629955
161,24,206,28,4.778962021192467
161,24,207,28,5.592143506742293
161,24,208,28,6.303959152786446
162,24,198,28,5.5417551371384155
162,24,199,28,6.2828873935476475
162,24,200,28,7.420445404421486
162,24,201,28,6.468830651671133
162,24,202,28,6.252958099971564
162,24,203,28,6.838411365222188
162,24,204,28,5.798527657949042
162,24,205,28,6.923123572492406
162,24,206,28,5.977973235135802
162,24,207,28,6.582878018010055
162,24,208,28,7.173231140845804
163,24,198,28,6.721139263547515
163,24,199,28,7.428266217631136
163,24,200,28,8.584463349563558
163,24,201,28,7.58851164590264
163,24,202,28,7.302851497873965
163,24,203,28,7.893030913407094
163,24,204,28,6.708522788215006
163,24,205,28,7.860983462646391
163,24,206,28,6.7467604818905516
163,24,207,28,7.382365068187836
163,24,208,28,7.824213954129834
164,24,198,28,5.0665950104582125
164,24,199,28,6.148211040619865
164,24,200,28,7.289692105980882
164,24,201,28,5.396858438017436
164,24,202,28,4.7468397908503315
164,24,203,28,5.3918506099483166
164,24,204,28,3.892021839609848
164,24,205,28,5.2465768840263864
164,24,206,28,3.7675452220245496
164,24,207,28,4.5470902784088185
164,24,208,28,5.052028899363107
165,24,198,28,5.337208446369696
165,24,199,28,6.618223024347243
165,24,200,28,7.645874704701874
165,24,201,28,5.6588018166392775
165,24,202,28,4.779612013542522
165,24,203,28,5.020208959794404
165,24,204,28,4.148645682629454
165,24,205,28,4.606677110456085
165,24,206,28,3.7256948345241594
165,24,207,28,4.029662640966361
165,24,208,28,4.3498205710120965
166,24,198,28,4.609601501214615
166,24,199,28,6.017609492148854
166,24,200,28,6.906910452582978
166,24,201,28,4.8912891961118
166,24,202,28,3.9490478599277594
166,24,203,28,3.9097705815047537
166,24,204,28,3.677574880270969
166,24,205,28,3.5082881865662086
166,24,206,28,3.3410618072702594
166,24,207,28,3.2853390996973215
166,24,208,28,3.7853806941970842
167,24,198,28,6.704215539494535
167,24,199,28,7.994129220872022
167,24,200,28,9.010350159677476
167,24,201,28,6.988448468723221
167,24,202,28,6.002655162509335
167,24,203,28,6.092209123134234
167,24,204,28,5.310648265513354
167,24,205,28,5.438244753594674
167,24,206,28,4.62336306166842
167,24,207,28,4.751383482734262
167,24,208,28,4.69745260753102
168,24,198,28,5.443325637879843
168,24,199,28,6.88612096902167
168,24,200,28,7.627564093470466
168,24,201,28,5.684307345666662
168,24,202,28,4.659127064161266
168,24,203,28,4.192368542959932
168,24,204,28,4.618115957833887
168,24,205,28,3.5307245715291913
168,24,206,28,4.108831950810351
168,24,207,28,3.5691807183161783
168,24,208,28,3.7914884939822757
169,24,198,28,7.305452347390959
169,24,199,28,8.67535716843981
169,24,200,28,9.586395255777846
169,24,201,28,7.5618218704225
169,24,202,28,6.4791006320322
169,24,203,28,6.264956025384381
169,24,204,28,5.976640778899136
169,24,205,28,5.428607187852152
169,24,206,28,5.167113314027479
169,24,207,28,4.913097902545808
169,24,208,28,4.649974731114141
170,24,198,28,6.779203640546581
170,24,199,28,8.200633755997153
170,24,200,28,8.983108259394402
170,24,201,28,7.020791550815334
170,24,202,28,5.933381919276727
170,24,203,28,5.469022398930178
170,24,204,28,5.712479234097924
170,24,205,28,4.619735923188683
170,24,206,28,4.980495156106467
170,24,207,28,4.429024610453184
170,24,208,28,4.264119721583809
171,24,198,28,7.77693744349278
171,24,199,28,9.208743345321334
171,24,200,28,9.890352572077495
171,24,201,28,7.973928893588154
171,24,202,28,6.852383891756211
171,24,203,28,6.166741603148294
171,24,204,28,6.756046847084471
171,24,205,28,5.205223722377358
171,24,206,28,5.957261954958838
171,24,207,28,5.169502587290193
171,24,208,28,4.811443546379817
186,27,198,28,3.768570816635928
186,27,199,28,4.447261404505021
186,27,200,28,4.650006236554954
186,27,201,28,4.865798803896438
186,27,202,28,5.129157923090297
186,27,203,28,4.840791877368822
186,27,204,28,6.058384850766743
186,27,205,28,5.505619311212862
186,27,206,28,6.668281337796116
186,27,207,28,6.422193005508321
186,27,208,28,7.383467816683429
187,27,198,28,2.429793612634621
187,27,199,28,3.283706899222278
187,27,200,28,3.789297956086323
187,27,201,28,3.6575293573668026
187,27,202,28,3.9982661242093407
187,27,203,28,4.051992719638077
187,27,204,28,4.815218167435405
187,27,205,28,4.843829992887859
187,27,206,28,5.566541206171024
187,27,207,28,5.573853424696419
187,27,208,28,6.651310246861137
188,27,198,28,2.7641136011387064
188,27,199,28,3.5925353164582745
188,27,200,28,4.3941586225351426
188,27,201,28,4.073783253929936
188,27,202,28,4.298647345386682
188,27,203,28,4.577830708971223
188,27,204,28,4.775673879150458
188,27,205,28,5.200815128419775
188,27,206,28,5.452049706303123
188,27,207,28,5.649128162823003
188,27,208,28,6.659661928356422
189,27,198,28,4.28398949578544
189,27,199,28,4.459032406251382
189,27,200,28,4.3442990228574265
189,27,201,28,5.465172641371911
189,27,202,28,6.069347658521463
189,27,203,28,5.878646783061554
189,27,204,28,7.1127964261603855
189,27,205,28,6.736837091692212
189,27,206,28,7.896977269816593
189,27,207,28,7.7218130643003775
189,27,208,28,8.758198730332621
190,27,198,28,5.633173528305337
190,27,199,28,5.794248700219899
190,27,200,28,5.469753010877181
190,27,201,28,6.64749922903343
190,27,202,28,7.180886922936468
190,27,203,28,6.768235663745756
190,27,204,28,8.314856402849058
190,27,205,28,7.549069214148191
190,27,206,28,9.018303942538196
190,27,207,28,8.665530393461212
190,27,208,28,9.624552405177083
191,27,198,28,6.81136212515529
191,27,199,28,6.941475491565175
191,27,200,28,6.686126382293412
191,27,201,28,7.923609278605303
191,27,202,28,8.40731140139343
191,27,203,28,7.984444376410918
191,27,204,28,9.466841131021475
191,27,205,28,8.657237319145178
191,27,206,28,10.101449895930779
191,27,207,28,9.729183573147338
191,27,208,28,10.613383108132862
192,27,198,28,5.924423516258772
192,27,199,28,6.129716959207821
192,27,200,28,5.608996523443384
192,27,201,28,6.660293687218306
192,27,202,28,7.161191590789897
192,27,203,28,6.587057005977701
192,27,204,28,8.416347960962636
192,27,205,28,7.38916544678761
192,27,206,28,9.105585209090071
192,27,207,28,8.630706402143453
192,27,208,28,9.578244567769184
193,27,198,28,8.04410311967717
193,27,199,28,8.174961834773297
193,27,200,28,7.808106364541916
193,27,201,28,9.053762588007267
193,27,202,28,9.49706723151942
193,27,203,28,8.947733176620764
193,27,204,28,10.611175712426967
193,27,205,28,9.5672926682526
193,27,206,28,11.196205294652287
193,27,207,28,10.712179330089652
193,27,208,28,11.537638666555644
194,27,198,28,7.289193782579797
194,27,199,28,7.478360515514079
194,27,200,28,6.883935502312612
194,27,201,28,7.9479442625121655
194,27,202,28,8.391972533320159
194,27,203,28,7.703100544585922
194,27,204,28,9.666982207493708
194,27,205,28,8.416850598650303
194,27,206,28,10.289911855793514
194,27,207,28,9.707874793176929
194,27,208,28,10.577529910144424
195,27,198,28,8.19796230779332
195,27,199,28,8.357154898648224
195,27,200,28,7.8424410740534105
195,27,201,28,9.010982410370142
195,27,202,28,9.437490185425357
195,27,203,28,8.771317118882427
195,27,204,28,10.649313639854915
195,27,205,28,9.409577780113194
195,27,206,28,11.231462148803242
195,27,207,28,10.653323847513507
195,27,208,28,11.474146112020707
196,27,198,28,9.44111407620944
196,27,199,28,9.589625905112255
196,27,200,28,9.007312196210366
196,27,201,28,10.176974059119935
196,27,202,28,10.575997636157073
196,27,203,28,9.834353715420244
196,27,204,28,11.814436338649426
196,27,205,28,10.427454770940031
196,27,206,28,12.360110395947116
196,27,207,28,11.708285356959834
196,27,208,28,12.478160521487132
